<?xml version="1.0" encoding="utf-8"?><checkstyle version="4.3"><file name="C:\WebIde\sap-webide-personal-edition-1.53.1-trial-win32.win32.x86_64\eclipse\serverworkspace\sh\shrivasvishu\OrionContent\UI5_Development\webapp\Component.js"></file><file name="C:\WebIde\sap-webide-personal-edition-1.53.1-trial-win32.win32.x86_64\eclipse\serverworkspace\sh\shrivasvishu\OrionContent\UI5_Development\webapp\controller\App.controller.js"></file><file name="C:\WebIde\sap-webide-personal-edition-1.53.1-trial-win32.win32.x86_64\eclipse\serverworkspace\sh\shrivasvishu\OrionContent\UI5_Development\webapp\controller\BaseController.js"></file><file name="C:\WebIde\sap-webide-personal-edition-1.53.1-trial-win32.win32.x86_64\eclipse\serverworkspace\sh\shrivasvishu\OrionContent\UI5_Development\webapp\controller\Detail.controller.js"></file><file name="C:\WebIde\sap-webide-personal-edition-1.53.1-trial-win32.win32.x86_64\eclipse\serverworkspace\sh\shrivasvishu\OrionContent\UI5_Development\webapp\controller\ListSelector.js"><error line="92" column="29" severity="warning" message="Expected to return a value at the end of function. (consistent-return)" source="eslint.rules.consistent-return"/></file><file name="C:\WebIde\sap-webide-personal-edition-1.53.1-trial-win32.win32.x86_64\eclipse\serverworkspace\sh\shrivasvishu\OrionContent\UI5_Development\webapp\controller\Maintiles.controller.js"></file><file name="C:\WebIde\sap-webide-personal-edition-1.53.1-trial-win32.win32.x86_64\eclipse\serverworkspace\sh\shrivasvishu\OrionContent\UI5_Development\webapp\controller\Master.controller.js"></file><file name="C:\WebIde\sap-webide-personal-edition-1.53.1-trial-win32.win32.x86_64\eclipse\serverworkspace\sh\shrivasvishu\OrionContent\UI5_Development\webapp\dev\devapp.js"></file><file name="C:\WebIde\sap-webide-personal-edition-1.53.1-trial-win32.win32.x86_64\eclipse\serverworkspace\sh\shrivasvishu\OrionContent\UI5_Development\webapp\dev\devlogon.js"></file><file name="C:\WebIde\sap-webide-personal-edition-1.53.1-trial-win32.win32.x86_64\eclipse\serverworkspace\sh\shrivasvishu\OrionContent\UI5_Development\webapp\localService\mockserver.js"></file><file name="C:\WebIde\sap-webide-personal-edition-1.53.1-trial-win32.win32.x86_64\eclipse\serverworkspace\sh\shrivasvishu\OrionContent\UI5_Development\webapp\MyRouter.js"></file><file name="C:\WebIde\sap-webide-personal-edition-1.53.1-trial-win32.win32.x86_64\eclipse\serverworkspace\sh\shrivasvishu\OrionContent\UI5_Development\webapp\test\unit\controller\SalesOrderExecutions\SalesOrderDetail.controller.js"></file><file name="C:\WebIde\sap-webide-personal-edition-1.53.1-trial-win32.win32.x86_64\eclipse\serverworkspace\sh\shrivasvishu\OrionContent\UI5_Development\webapp\test\unit\test.qunit.js"></file><file name="C:\WebIde\sap-webide-personal-edition-1.53.1-trial-win32.win32.x86_64\eclipse\serverworkspace\sh\shrivasvishu\OrionContent\UI5_Development\webapp\util\Controller.js"></file><file name="C:\WebIde\sap-webide-personal-edition-1.53.1-trial-win32.win32.x86_64\eclipse\serverworkspace\sh\shrivasvishu\OrionContent\UI5_Development\webapp\util\Formatter.js"></file><file name="C:\WebIde\sap-webide-personal-edition-1.53.1-trial-win32.win32.x86_64\eclipse\serverworkspace\sh\shrivasvishu\OrionContent\UI5_Development\webapp\view\Customer\CustomerList.controller.js"></file><file name="C:\WebIde\sap-webide-personal-edition-1.53.1-trial-win32.win32.x86_64\eclipse\serverworkspace\sh\shrivasvishu\OrionContent\UI5_Development\webapp\view\Material\Material.controller.js"></file><file name="C:\WebIde\sap-webide-personal-edition-1.53.1-trial-win32.win32.x86_64\eclipse\serverworkspace\sh\shrivasvishu\OrionContent\UI5_Development\webapp\view\SalesOrderExecutions\SalesOrderDetail.controller.js"></file><file name="C:\WebIde\sap-webide-personal-edition-1.53.1-trial-win32.win32.x86_64\eclipse\serverworkspace\sh\shrivasvishu\OrionContent\UI5_Development\webapp\view\SalesOrderExecutions\SalesOrderMaster.controller.js"></file><file name="C:\WebIde\sap-webide-personal-edition-1.53.1-trial-win32.win32.x86_64\eclipse\serverworkspace\sh\shrivasvishu\OrionContent\UI5_Development\webapp\view\SalesOrderExecutions\SplitApp.controller.js"></file></checkstyle>