<edmx:Edmx
    xmlns:edmx="http://schemas.microsoft.com/ado/2007/06/edmx"
    xmlns:m="http://schemas.microsoft.com/ado/2007/08/dataservices/metadata"
    xmlns:sap="http://www.sap.com/Protocols/SAPData" Version="1.0">
    <edmx:DataServices m:DataServiceVersion="2.0">
        <Schema
            xmlns="http://schemas.microsoft.com/ado/2008/09/edm" Namespace="Z_QM_INSPECTIONLOT_MODEL_SRV" xml:lang="en" sap:schema-version="1 ">
            <EntityType Name="FilterValues" sap:content-version="1">
                <Key>
                    <PropertyRef Name="Plant"/>
                    <PropertyRef Name="InspectionLotOrigin"/>
                </Key>
                <Property Name="Plant" Type="Edm.String" Nullable="false" MaxLength="4" sap:label="Plant" sap:creatable="false" sap:updatable="false" sap:sortable="false" sap:filterable="false"/>
                <Property Name="InspectionLotOrigin" Type="Edm.String" Nullable="false" MaxLength="10" sap:label="Charact. origin" sap:creatable="false" sap:updatable="false" sap:sortable="false" sap:filterable="false"/>
                <Property Name="BatchNumber" Type="Edm.String" Nullable="false" MaxLength="10" sap:label="Batch" sap:creatable="false" sap:updatable="false" sap:sortable="false" sap:filterable="false"/>
                <Property Name="InspectionLotCreateFromDate" Type="Edm.DateTime" Precision="0" sap:label="Lot created" sap:creatable="false" sap:updatable="false" sap:sortable="false" sap:filterable="false"/>
                <Property Name="InspectionLotCreateToDate" Type="Edm.DateTime" Precision="0" sap:label="Insp. End Date" sap:creatable="false" sap:updatable="false" sap:sortable="false" sap:filterable="false"/>
            </EntityType>
            <EntityType Name="get_list" sap:content-version="1">
                <Key>
                    <PropertyRef Name="InspectionLotNumber"/>
                    <PropertyRef Name="MaterialNumber"/>
                </Key>
                <Property Name="InspectionLotNumber" Type="Edm.String" Nullable="false" MaxLength="12" sap:label="Inspection Lot" sap:creatable="false" sap:updatable="false" sap:sortable="false" sap:filterable="false"/>
                <Property Name="MaterialNumber" Type="Edm.String" Nullable="false" MaxLength="18" sap:label="Material" sap:creatable="false" sap:updatable="false" sap:sortable="false" sap:filterable="false"/>
                <Property Name="MaterialDescription" Type="Edm.String" Nullable="false" MaxLength="40" sap:label="Description" sap:creatable="false" sap:updatable="false" sap:sortable="false" sap:filterable="false"/>
                <Property Name="InspectionLotQuantity" Type="Edm.String" Nullable="false" MaxLength="18" sap:creatable="false" sap:updatable="false" sap:sortable="false" sap:filterable="false"/>
                <Property Name="BaseUOM" Type="Edm.String" Nullable="false" MaxLength="3" sap:label="Base unit" sap:creatable="false" sap:updatable="false" sap:sortable="false" sap:filterable="false" sap:semantics="unit-of-measure"/>
                <Property Name="BatchNumber" Type="Edm.String" Nullable="false" MaxLength="10" sap:label="Batch" sap:creatable="false" sap:updatable="false" sap:sortable="false" sap:filterable="false"/>
                <Property Name="InspectionLotOrigin" Type="Edm.String" Nullable="false" MaxLength="2" sap:label="Insp.lot origin" sap:creatable="false" sap:updatable="false" sap:sortable="false" sap:filterable="false"/>
                <Property Name="InspectionType" Type="Edm.String" Nullable="false" MaxLength="8" sap:label="Inspection Type" sap:creatable="false" sap:updatable="false" sap:sortable="false" sap:filterable="false"/>
                <Property Name="InspectionTypeDescription" Type="Edm.String" Nullable="false" MaxLength="40" sap:label="Short text" sap:creatable="false" sap:updatable="false" sap:sortable="false" sap:filterable="false"/>
                <Property Name="ResultRecordedEndDate" Type="Edm.DateTime" Precision="0" sap:label="Insp. End Date" sap:creatable="false" sap:updatable="false" sap:sortable="false" sap:filterable="false"/>
                <Property Name="UsageDecisionDate" Type="Edm.DateTime" Precision="0" sap:creatable="false" sap:updatable="false" sap:sortable="false" sap:filterable="false"/>
                <Property Name="Plant" Type="Edm.String" Nullable="false" MaxLength="4" sap:label="Plant" sap:creatable="false" sap:updatable="false" sap:sortable="false" sap:filterable="false"/>
                <Property Name="CodeGroup" Type="Edm.String" Nullable="false" MaxLength="8" sap:label="UD code group" sap:creatable="false" sap:updatable="false" sap:sortable="false" sap:filterable="false"/>
                <Property Name="Codevaluation" Type="Edm.String" Nullable="false" MaxLength="1" sap:label="Valuation Code" sap:creatable="false" sap:updatable="false" sap:sortable="false" sap:filterable="false"/>
                <Property Name="PersonMadeUD" Type="Edm.String" Nullable="false" MaxLength="12" sap:label="UsgDec. made by" sap:creatable="false" sap:updatable="false" sap:sortable="false" sap:filterable="false"/>
                <Property Name="DateCodeUsedforUD" Type="Edm.DateTime" Precision="0" sap:label="UD Code Date" sap:creatable="false" sap:updatable="false" sap:sortable="false" sap:filterable="false"/>
                <Property Name="RecordingTimeofUD" Type="Edm.Time" Nullable="false" Precision="0" sap:label="Time" sap:creatable="false" sap:updatable="false" sap:sortable="false" sap:filterable="false"/>
                <Property Name="InspLotDescriptin" Type="Edm.String" Nullable="false" MaxLength="40" sap:label="Text: Origin" sap:creatable="false" sap:updatable="false" sap:sortable="false" sap:filterable="false"/>
                <Property Name="UsageDecision" Type="Edm.String" Nullable="false" MaxLength="4" sap:label="UD code" sap:creatable="false" sap:updatable="false" sap:sortable="false" sap:filterable="false"/>
                <NavigationProperty Name="GET_DETAILSET" Relationship="Z_QM_INSPECTIONLOT_MODEL_SRV.DETAIL" FromRole="FromRole_DETAIL" ToRole="ToRole_DETAIL"/>
            </EntityType>
            <EntityType Name="get_detail" sap:content-version="1">
                <Key>
                    <PropertyRef Name="InspLot"/>
                    <PropertyRef Name="CharacteristicsNumber"/>
                </Key>
                <Property Name="InspLot" Type="Edm.String" Nullable="false" MaxLength="12" sap:label="Inspection Lot" sap:creatable="false" sap:updatable="false" sap:sortable="false" sap:filterable="false"/>
                <Property Name="CharacteristicsNumber" Type="Edm.String" Nullable="false" MaxLength="4" sap:label="Charact. no." sap:creatable="false" sap:updatable="false" sap:sortable="false" sap:filterable="false"/>
                <Property Name="CharacteristicsDescription" Type="Edm.String" Nullable="false" MaxLength="40" sap:label="Short text" sap:creatable="false" sap:updatable="false" sap:sortable="false" sap:filterable="false"/>
                <Property Name="ExpectedValueTarget" Type="Edm.String" Nullable="false" MaxLength="16" sap:label="Target value" sap:creatable="false" sap:updatable="false" sap:sortable="false" sap:filterable="false"/>
                <Property Name="InspectionResultValuation" Type="Edm.String" Nullable="false" MaxLength="1" sap:label="Valuation" sap:creatable="false" sap:updatable="false" sap:sortable="false" sap:filterable="false"/>
                <Property Name="OriginalValue" Type="Edm.String" Nullable="false" MaxLength="25" sap:label="Original Value" sap:creatable="false" sap:updatable="false" sap:sortable="false" sap:filterable="false"/>
                <Property Name="BaseUOM" Type="Edm.String" Nullable="false" MaxLength="3" sap:label="Base unit" sap:creatable="false" sap:updatable="false" sap:sortable="false" sap:filterable="false" sap:semantics="unit-of-measure"/>
            </EntityType>
            <EntityType Name="Approve" sap:content-version="1">
                <Key>
                    <PropertyRef Name="InspLot"/>
                    <PropertyRef Name="Plant"/>
                </Key>
                <Property Name="InspLot" Type="Edm.String" Nullable="false" MaxLength="12" sap:label="Inspection Lot" sap:creatable="false" sap:updatable="false" sap:sortable="false" sap:filterable="false"/>
                <Property Name="SelectedUD" Type="Edm.String" Nullable="false" MaxLength="8" sap:label="UD selected set" sap:creatable="false" sap:updatable="false" sap:sortable="false" sap:filterable="false"/>
                <Property Name="Plant" Type="Edm.String" Nullable="false" MaxLength="4" sap:label="Plant" sap:creatable="false" sap:updatable="false" sap:sortable="false" sap:filterable="false"/>
                <Property Name="UDCode" Type="Edm.String" Nullable="false" MaxLength="4" sap:label="UD code" sap:creatable="false" sap:updatable="false" sap:sortable="false" sap:filterable="false"/>
                <Property Name="UDCodeGroup" Type="Edm.String" Nullable="false" MaxLength="8" sap:label="UD code group" sap:creatable="false" sap:updatable="false" sap:sortable="false" sap:filterable="false"/>
            </EntityType>
            <Association Name="DETAIL" sap:content-version="1">
                <End Type="Z_QM_INSPECTIONLOT_MODEL_SRV.get_list" Multiplicity="*" Role="FromRole_DETAIL"/>
                <End Type="Z_QM_INSPECTIONLOT_MODEL_SRV.get_detail" Multiplicity="*" Role="ToRole_DETAIL"/>
            </Association>
            <EntityContainer Name="Z_QM_INSPECTIONLOT_MODEL_SRV_Entities" m:IsDefaultEntityContainer="true" sap:supported-formats="atom json xlsx">
                <EntitySet Name="get_listSet" EntityType="Z_QM_INSPECTIONLOT_MODEL_SRV.get_list" sap:creatable="false" sap:updatable="false" sap:deletable="false" sap:content-version="1"/>
                <EntitySet Name="get_detailSet" EntityType="Z_QM_INSPECTIONLOT_MODEL_SRV.get_detail" sap:creatable="false" sap:updatable="false" sap:deletable="false" sap:content-version="1"/>
                <EntitySet Name="ApproveSet" EntityType="Z_QM_INSPECTIONLOT_MODEL_SRV.Approve" sap:creatable="false" sap:updatable="false" sap:deletable="false" sap:pageable="false" sap:addressable="false" sap:content-version="1"/>
                <EntitySet Name="FilterValuesSet" EntityType="Z_QM_INSPECTIONLOT_MODEL_SRV.FilterValues" sap:creatable="false" sap:updatable="false" sap:deletable="false" sap:content-version="1"/>
                <AssociationSet Name="DETAIL_AssocSet" Association="Z_QM_INSPECTIONLOT_MODEL_SRV.DETAIL" sap:creatable="false" sap:updatable="false" sap:deletable="false" sap:content-version="1">
                    <End EntitySet="get_listSet" Role="FromRole_DETAIL"/>
                    <End EntitySet="get_detailSet" Role="ToRole_DETAIL"/>
                </AssociationSet>
            </EntityContainer>
            <atom:link
                xmlns:atom="http://www.w3.org/2005/Atom" rel="self" href="./sap/ZQM_INSP_LOT_MOD_SRV/$metadata"/>
                <atom:link
                    xmlns:atom="http://www.w3.org/2005/Atom" rel="latest-version" href="./sap/ZQM_INSP_LOT_MOD_SRV/$metadata"/>
                </Schema>
            </edmx:DataServices>
        </edmx:Edmx>