{
  "namespace": "CAPBusiness.db",
  "definitions": {
    "CAPBusiness.db.employeeDetails": {
      "kind": "entity",
      "elements": {
        "EMPLOYEE_ID": {
          "key": true,
          "type": "cds.String",
          "length": 10,
          "notNull": true
        },
        "DESCRIPTION": {
          "type": "cds.String",
          "length": 50,
          "notNull": true
        },
        "DEPARTMENT": {
          "type": "cds.String",
          "length": 20
        },
        "EMPLOYEE_NAME": {
          "type": "cds.String",
          "length": 50,
          "notNull": true
        },
        "Level": {
          "type": "cds.String",
          "length": 20
        }
      }
    },
    "EmployeeService": {
      "@source": "srv/cat-service.cds",
      "kind": "service"
    },
    "EmployeeService.EmployeeEntity": {
      "kind": "entity",
      "@readonly": true,
      "query": {
        "SELECT": {
          "from": {
            "ref": [
              "CAPBusiness.db.employeeDetails"
            ]
          }
        }
      },
      "elements": {
        "EMPLOYEE_ID": {
          "key": true,
          "type": "cds.String",
          "length": 10,
          "notNull": true
        },
        "DESCRIPTION": {
          "type": "cds.String",
          "length": 50,
          "notNull": true
        },
        "DEPARTMENT": {
          "type": "cds.String",
          "length": 20
        },
        "EMPLOYEE_NAME": {
          "type": "cds.String",
          "length": 50,
          "notNull": true
        },
        "Level": {
          "type": "cds.String",
          "length": 20
        }
      },
      "$syntax": "projection"
    }
  },
  "meta": {
    "creator": "CDS Compiler v1.26.2"
  },
  "$version": "1.0"
}