<?xml version="1.0" encoding="utf-8"?>
<edmx:Edmx Version="4.0" xmlns:edmx="http://docs.oasis-open.org/odata/ns/edmx">
  <edmx:Reference Uri="https://oasis-tcs.github.io/odata-vocabularies/vocabularies/Org.OData.Capabilities.V1.xml">
    <edmx:Include Alias="Capabilities" Namespace="Org.OData.Capabilities.V1"/>
  </edmx:Reference>
  <edmx:DataServices>
    <Schema Namespace="EmployeeService" xmlns="http://docs.oasis-open.org/odata/ns/edm">
      <EntityContainer Name="EntityContainer">
        <EntitySet Name="EmployeeEntity" EntityType="EmployeeService.EmployeeEntity"/>
      </EntityContainer>
      <EntityType Name="EmployeeEntity">
        <Key>
          <PropertyRef Name="EMPLOYEE_ID"/>
        </Key>
        <Property Name="EMPLOYEE_ID" Type="Edm.String" MaxLength="10" Nullable="false"/>
        <Property Name="DESCRIPTION" Type="Edm.String" MaxLength="50" Nullable="false"/>
        <Property Name="DEPARTMENT" Type="Edm.String" MaxLength="20"/>
        <Property Name="EMPLOYEE_NAME" Type="Edm.String" MaxLength="50" Nullable="false"/>
        <Property Name="Level" Type="Edm.String" MaxLength="20"/>
      </EntityType>
      <Annotations Target="EmployeeService.EntityContainer/EmployeeEntity">
        <Annotation Term="Capabilities.DeleteRestrictions">
          <Record Type="Capabilities.DeleteRestrictionsType">
            <PropertyValue Property="Deletable" Bool="false"/>
          </Record>
        </Annotation>
        <Annotation Term="Capabilities.InsertRestrictions">
          <Record Type="Capabilities.InsertRestrictionsType">
            <PropertyValue Property="Insertable" Bool="false"/>
          </Record>
        </Annotation>
        <Annotation Term="Capabilities.UpdateRestrictions">
          <Record Type="Capabilities.UpdateRestrictionsType">
            <PropertyValue Property="Updatable" Bool="false"/>
          </Record>
        </Annotation>
      </Annotations>
    </Schema>
  </edmx:DataServices>
</edmx:Edmx>